{
  "suite_name": "entity-classification",
  "created_at": "2026-04-09T10:10:08.630Z",
  "metrics": {
    "precision": 0.37694704049844235,
    "recall": 0.952755905511811,
    "f1": 0.5401785714285714,
    "type_accuracy": 0.9669421487603306,
    "exclusion_compliance": 0.1597222222222222,
    "cross_item_consistency": 0.898989898989899
  },
  "thresholds": {
    "precision": {
      "min": 0.4,
      "max_drop": 0.05
    },
    "recall": {
      "min": 0.35,
      "max_drop": 0.05
    },
    "f1": {
      "min": 0.35,
      "max_drop": 0.05
    },
    "type_accuracy": {
      "min": 0.8,
      "max_drop": 0.05
    },
    "exclusion_compliance": {
      "min": 0.5,
      "max_drop": 0.1
    },
    "cross_item_consistency": {
      "min": 0.8,
      "max_drop": 0.1
    }
  }
}
