{
  "suite_name": "entity-classification",
  "created_at": "2026-04-06T20:59:07.120Z",
  "metrics": {
    "precision": 0.41724137931034483,
    "recall": 0.6019900497512438,
    "f1": 0.4928716904276985,
    "type_accuracy": 0.9834710743801653,
    "exclusion_compliance": 0.44761904761904764,
    "cross_item_consistency": 0.9315789473684211
  },
  "thresholds": {
    "precision": {
      "min": 0.4,
      "max_drop": 0.05
    },
    "recall": {
      "min": 0.35,
      "max_drop": 0.05
    },
    "f1": {
      "min": 0.35,
      "max_drop": 0.05
    },
    "type_accuracy": {
      "min": 0.8,
      "max_drop": 0.05
    },
    "exclusion_compliance": {
      "min": 0.5,
      "max_drop": 0.1
    },
    "cross_item_consistency": {
      "min": 0.8,
      "max_drop": 0.1
    }
  }
}
