{
  "suite_name": "entity-classification",
  "created_at": "2026-04-12T22:24:13.726Z",
  "metrics": {
    "precision": 0.8901098901098901,
    "recall": 0.6377952755905512,
    "f1": 0.7431192660550459,
    "type_accuracy": 0.9012345679012346,
    "exclusion_compliance": 0.9861111111111112,
    "cross_item_consistency": 0.9743589743589743
  },
  "thresholds": {
    "precision": {
      "min": 0.4,
      "max_drop": 0.05
    },
    "recall": {
      "min": 0.35,
      "max_drop": 0.05
    },
    "f1": {
      "min": 0.35,
      "max_drop": 0.05
    },
    "type_accuracy": {
      "min": 0.8,
      "max_drop": 0.05
    },
    "exclusion_compliance": {
      "min": 0.5,
      "max_drop": 0.1
    },
    "cross_item_consistency": {
      "min": 0.8,
      "max_drop": 0.1
    }
  }
}
