{
  "suite_name": "entity-classification",
  "created_at": "2026-04-09T11:00:52.347Z",
  "metrics": {
    "precision": 0.8645833333333334,
    "recall": 0.6535433070866141,
    "f1": 0.7443946188340808,
    "type_accuracy": 0.8072289156626506,
    "exclusion_compliance": 0.9791666666666666,
    "cross_item_consistency": 0.9183673469387755
  },
  "thresholds": {
    "precision": {
      "min": 0.4,
      "max_drop": 0.05
    },
    "recall": {
      "min": 0.35,
      "max_drop": 0.05
    },
    "f1": {
      "min": 0.35,
      "max_drop": 0.05
    },
    "type_accuracy": {
      "min": 0.8,
      "max_drop": 0.05
    },
    "exclusion_compliance": {
      "min": 0.5,
      "max_drop": 0.1
    },
    "cross_item_consistency": {
      "min": 0.8,
      "max_drop": 0.1
    }
  }
}
