{
  "suite_name": "entity-classification",
  "created_at": "2026-04-09T13:09:33.389Z",
  "metrics": {
    "precision": 0.8571428571428571,
    "recall": 0.6614173228346457,
    "f1": 0.7466666666666667,
    "type_accuracy": 0.8928571428571429,
    "exclusion_compliance": 0.9791666666666666,
    "cross_item_consistency": 0.9318181818181818
  },
  "thresholds": {
    "precision": {
      "min": 0.4,
      "max_drop": 0.05
    },
    "recall": {
      "min": 0.35,
      "max_drop": 0.05
    },
    "f1": {
      "min": 0.35,
      "max_drop": 0.05
    },
    "type_accuracy": {
      "min": 0.8,
      "max_drop": 0.05
    },
    "exclusion_compliance": {
      "min": 0.5,
      "max_drop": 0.1
    },
    "cross_item_consistency": {
      "min": 0.8,
      "max_drop": 0.1
    }
  }
}
