{
  "suite_name": "search",
  "created_at": "2026-04-05T15:03:42.890Z",
  "metrics": {
    "mrr": 0.8459595959595959,
    "precision_at_5": 0.5681818181818182,
    "precision_at_10": 0.49345238095238103,
    "domain_accuracy": 0.574456272893773,
    "min_results_compliance": 0.9583333333333334
  },
  "thresholds": {
    "mrr": {
      "min": 0.4,
      "max_drop": 0.1
    },
    "precision_at_5": {
      "min": 0.3,
      "max_drop": 0.1
    },
    "domain_accuracy": {
      "min": 0.5,
      "max_drop": 0.1
    },
    "min_results_compliance": {
      "min": 0.8,
      "max_drop": 0.05
    }
  }
}
